﻿<?xml version="1.0"?>
<doc>
<assembly>
<name>
TvTower-Launcher
</name>
</assembly>
<members>
<member name="P:TvTower_Launcher.My.Resources.Resources.ResourceManager">
	<summary>
  Returns the cached ResourceManager instance used by this class.
</summary>
</member><member name="P:TvTower_Launcher.My.Resources.Resources.Culture">
	<summary>
  Overrides the current thread's CurrentUICulture property for all
  resource lookups using this strongly typed resource class.
</summary>
</member><member name="T:TvTower_Launcher.My.Resources.Resources">
	<summary>
  A strongly-typed resource class, for looking up localized strings, etc.
</summary>
</member><member name="E:TvTower_Launcher.ExpandableGroupbox.Expand">
	<summary>
 Fired when the control is Expanded or Collapsed.
 </summary>
</member><member name="P:TvTower_Launcher.ExpandableGroupbox.Caption">
	<summary>
 The text shown as the caption of the <see cref="T:TvTower_Launcher.ExpandableGroupbox"/>.
 </summary>
</member><member name="P:TvTower_Launcher.ExpandableGroupbox.BorderColor">
	<summary>
 The color of the custom-drawn rounded border.
 </summary>
</member><member name="P:TvTower_Launcher.ExpandableGroupbox.Expanded">
	<summary>
 True when the control is expanded.
 </summary>
</member><member name="P:TvTower_Launcher.ExpandableGroupbox.CaptionColor">
	<summary>
 The ForeColor of the text shown as the caption of the <see cref="T:TvTower_Launcher.ExpandableGroupbox"/>.
 </summary>
</member><member name="P:TvTower_Launcher.ExpandableGroupbox.ExpandedSize">
	<summary>
 The Size of the <see cref="T:TvTower_Launcher.ExpandableGroupbox"/> when expanded. Should be set by resizing the control in the designer as usual.
 </summary>
</member><member name="P:TvTower_Launcher.ExpandableGroupbox.HeaderClickExpand">
	<summary>
 If True, expands / collapses the control when the header (caption) is clicked, instead of using the button only.
 </summary>
</member><member name="M:TvTower_Launcher.ExpandableGroupbox.OnExpand">
	<summary>
 Changes the Size property of the control when it is expanded/collapsed.
 </summary>
	<remarks></remarks>
</member><member name="T:TvTower_Launcher.ExpandableGroupboxDesigner">
	<summary>
 Designer class that enables the user to expand/collapse the <see cref="T:TvTower_Launcher.ExpandableGroupbox"/> control during Design-Time.
 </summary>
	<remarks></remarks>
</member>
</members>
</doc>